date,checkin,property_key,property_name,source,own_price_min,own_price_median,own_price_max,room_basis,meal_basis,price_confidence,coverage_status,latest_collected_at_jst
2026-06-11,2026-06-13,kiraku,ホテル喜らく,jalan,22770,24000,25300,unknown_room_basis,unknown_meal_basis,low,critical,2026-06-11T09:00:05+09:00
2026-06-15,2026-06-16,miuraya,三浦屋,booking,16005,16005,16005,probable_two_person_standard_room,assumed_room_only,medium,warning,2026-06-15T22:00:05+09:00
2026-06-16,2026-06-17,miuraya,三浦屋,booking,14404,14404,14404,probable_two_person_standard_room,assumed_room_only,medium,warning,2026-06-16T22:00:06+09:00
2026-06-17,2026-06-18,miuraya,三浦屋,booking,14404,14404,14404,probable_two_person_standard_room,assumed_room_only,medium,warning,2026-06-17T02:00:06+09:00
2026-06-17,2026-06-19,miuraya,三浦屋,booking,16995,16995,16995,probable_two_person_standard_room,assumed_room_only,medium,warning,2026-06-17T06:00:06+09:00
2026-06-15,2026-06-19,miuraya,三浦屋,jalan,18128,18128,18128,unknown_room_basis,unknown_meal_basis,low,warning,2026-06-15T12:00:05+09:00
2026-06-13,2026-06-20,kiraku,ホテル喜らく,jalan,22770,24000,25300,unknown_room_basis,unknown_meal_basis,low,critical,2026-06-13T09:00:05+09:00
2026-06-19,2026-06-20,miuraya,三浦屋,booking,18480,18480,19219,confirmed_two_person_standard_room,assumed_room_only,high,warning,2026-06-19T02:00:06+09:00
2026-06-15,2026-06-20,miuraya,三浦屋,jalan,19712,19712,19712,unknown_room_basis,unknown_meal_basis,low,warning,2026-06-15T14:00:05+09:00
2026-06-20,2026-06-21,miuraya,三浦屋,booking,14850,14850,16500,confirmed_two_person_standard_room,assumed_room_only,high,warning,2026-06-20T04:00:06+09:00
2026-06-15,2026-06-21,miuraya,三浦屋,jalan,15840,15840,15840,unknown_room_basis,unknown_meal_basis,low,warning,2026-06-15T14:00:05+09:00
2026-06-21,2026-06-22,miuraya,三浦屋,booking,14404,14404,14404,confirmed_two_person_standard_room,assumed_room_only,high,warning,2026-06-21T04:00:05+09:00
2026-06-22,2026-06-23,miuraya,三浦屋,booking,16005,16005,16800,confirmed_two_person_standard_room,assumed_room_only,high,warning,2026-06-22T04:00:06+09:00
2026-06-14,2026-06-23,miuraya,三浦屋,jalan,17072,17072,17072,unknown_room_basis,unknown_meal_basis,low,warning,2026-06-14T08:00:06+09:00
2026-06-23,2026-06-24,miuraya,三浦屋,booking,14404,14404,15120,confirmed_two_person_standard_room,assumed_room_only,high,warning,2026-06-23T06:00:05+09:00
2026-06-15,2026-06-24,miuraya,三浦屋,jalan,15365,15365,15365,unknown_room_basis,unknown_meal_basis,low,warning,2026-06-15T16:00:05+09:00
2026-06-24,2026-06-25,miuraya,三浦屋,booking,14404,14404,15120,confirmed_two_person_standard_room,assumed_room_only,high,warning,2026-06-24T10:00:06+09:00
2026-06-25,2026-06-26,miuraya,三浦屋,booking,15295,15295,17800,confirmed_two_person_standard_room,assumed_room_only,high,warning,2026-06-25T08:00:06+09:00
2026-06-15,2026-06-26,miuraya,三浦屋,jalan,16316,16316,16316,unknown_room_basis,unknown_meal_basis,low,warning,2026-06-15T16:00:05+09:00
2026-06-13,2026-06-27,kiraku,ホテル喜らく,jalan,22770,22770,22770,unknown_room_basis,unknown_meal_basis,low,critical,2026-06-13T09:00:05+09:00
2026-06-26,2026-06-27,miuraya,三浦屋,booking,16632,16632,19800,confirmed_two_person_standard_room,assumed_room_only,high,warning,2026-06-26T10:00:06+09:00
2026-06-15,2026-06-27,miuraya,三浦屋,jalan,17741,17741,17741,unknown_room_basis,unknown_meal_basis,low,warning,2026-06-15T12:00:05+09:00
2026-06-27,2026-06-28,miuraya,三浦屋,booking,14850,14850,15390,confirmed_two_person_standard_room,assumed_room_only,high,warning,2026-06-27T12:00:06+09:00
2026-06-15,2026-06-28,miuraya,三浦屋,jalan,15840,15840,15840,unknown_room_basis,unknown_meal_basis,low,warning,2026-06-15T18:00:05+09:00
2026-06-28,2026-06-29,miuraya,三浦屋,booking,14470,16005,16800,confirmed_two_person_standard_room,assumed_room_only,high,warning,2026-06-28T08:00:06+09:00
2026-06-29,2026-06-30,miuraya,三浦屋,booking,14470,16005,16800,confirmed_two_person_standard_room,assumed_room_only,high,warning,2026-06-29T12:00:02+09:00
2026-06-30,2026-07-01,miuraya,三浦屋,booking,13023,14553,15120,confirmed_two_person_standard_room,assumed_room_only,high,warning,2026-06-30T14:00:05+09:00
2026-07-01,2026-07-02,miuraya,三浦屋,booking,14470,14553,16800,confirmed_two_person_standard_room,assumed_room_only,high,warning,2026-07-01T16:00:05+09:00
2026-07-02,2026-07-03,miuraya,三浦屋,booking,15592,15860,16020,confirmed_two_person_standard_room,assumed_room_only,high,warning,2026-07-02T18:00:06+09:00
2026-07-03,2026-07-04,miuraya,三浦屋,booking,17078,17642,19602,confirmed_two_person_standard_room,assumed_room_only,high,warning,2026-07-03T20:00:06+09:00
2026-06-15,2026-07-04,miuraya,三浦屋,jalan,18216,18216,18216,unknown_room_basis,unknown_meal_basis,low,warning,2026-06-15T00:00:02+09:00
2026-07-04,2026-07-05,miuraya,三浦屋,booking,16500,16929,17606,confirmed_two_person_standard_room,assumed_room_only,high,warning,2026-07-04T22:00:06+09:00
2026-07-05,2026-07-06,miuraya,三浦屋,booking,13023,14512,15120,confirmed_two_person_standard_room,assumed_room_only,high,warning,2026-07-05T04:00:06+09:00
2026-07-06,2026-07-07,miuraya,三浦屋,booking,11576,14470,16800,confirmed_two_person_standard_room,assumed_room_only,high,warning,2026-07-06T06:00:05+09:00
2026-07-07,2026-07-08,miuraya,三浦屋,booking,11576,14470,16800,confirmed_two_person_standard_room,assumed_room_only,high,warning,2026-07-07T13:35:04+09:00
2026-07-08,2026-07-09,miuraya,三浦屋,booking,11576,14470,16800,confirmed_two_person_standard_room,assumed_room_only,high,warning,2026-07-08T13:35:06+09:00
2026-07-09,2026-07-10,miuraya,三浦屋,booking,12688,15860,16020,confirmed_two_person_standard_room,assumed_room_only,high,warning,2026-07-09T02:00:03+09:00
2026-06-20,2026-07-11,miuraya,三浦屋,jalan,18216,18216,18216,confirmed_two_person_standard_room,confirmed_room_only,high,warning,2026-06-20T20:00:06+09:00
2026-07-10,2026-07-11,miuraya,三浦屋,booking,14113,17642,19602,confirmed_two_person_standard_room,assumed_room_only,high,warning,2026-07-10T02:00:06+09:00
2026-07-11,2026-07-12,miuraya,三浦屋,booking,13543,15236,16929,confirmed_two_person_standard_room,assumed_room_only,high,warning,2026-07-11T04:00:06+09:00
2026-06-16,2026-07-13,miuraya,三浦屋,jalan,15524,15524,15524,unknown_room_basis,unknown_meal_basis,low,warning,2026-06-16T16:00:06+09:00
2026-07-12,2026-07-13,miuraya,三浦屋,booking,11576,14470,15120,confirmed_two_person_standard_room,assumed_room_only,high,warning,2026-07-12T06:00:06+09:00
2026-07-13,2026-07-14,kiraku,ホテル喜らく,booking,11718,11718,11718,confirmed_two_person_standard_room,assumed_room_only,high,critical,2026-07-13T01:40:56+09:00
2026-06-16,2026-07-14,miuraya,三浦屋,jalan,15524,15524,15524,unknown_room_basis,unknown_meal_basis,low,warning,2026-06-16T16:00:06+09:00
2026-07-13,2026-07-14,miuraya,三浦屋,booking,10418,13023,15120,confirmed_two_person_standard_room,assumed_room_only,high,warning,2026-07-13T01:04:54+09:00
2026-07-14,2026-07-15,kiraku,ホテル喜らく,booking,11718,11752,11785,confirmed_two_person_standard_room,assumed_room_only,high,critical,2026-07-14T13:35:06+09:00
2026-06-16,2026-07-15,miuraya,三浦屋,jalan,19663,19663,19663,unknown_room_basis,unknown_meal_basis,low,warning,2026-06-16T18:00:06+09:00
2026-07-14,2026-07-15,miuraya,三浦屋,booking,10418,13023,15120,confirmed_two_person_standard_room,assumed_room_only,high,warning,2026-07-14T13:35:06+09:00
2026-07-15,2026-07-16,kiraku,ホテル喜らく,booking,11018,12447,12611,confirmed_two_person_standard_room,assumed_room_only,high,critical,2026-07-15T13:35:05+09:00
2026-06-16,2026-07-16,miuraya,三浦屋,jalan,17248,17248,17248,unknown_room_basis,unknown_meal_basis,low,warning,2026-06-16T22:00:06+09:00
2026-07-15,2026-07-16,miuraya,三浦屋,booking,10418,13023,17640,confirmed_two_person_standard_room,assumed_room_only,high,warning,2026-07-15T13:35:05+09:00
2026-07-16,2026-07-17,kiraku,ホテル喜らく,booking,11178,13241,13580,confirmed_two_person_standard_room,assumed_room_only,high,critical,2026-07-16T13:35:06+09:00
2026-06-20,2026-07-17,miuraya,三浦屋,jalan,16632,16632,16632,confirmed_two_person_standard_room,confirmed_room_only,high,warning,2026-06-20T18:00:05+09:00
2026-07-16,2026-07-17,miuraya,三浦屋,booking,12688,15860,16020,confirmed_two_person_standard_room,assumed_room_only,high,warning,2026-07-16T13:35:06+09:00
2026-07-16,2026-07-18,kiraku,ホテル喜らく,booking,24396,24396,38398,confirmed_two_person_standard_room,assumed_room_only,high,critical,2026-07-16T13:35:06+09:00
2026-06-20,2026-07-18,miuraya,三浦屋,jalan,22880,22880,22880,confirmed_two_person_standard_room,confirmed_room_only,high,warning,2026-06-20T16:00:01+09:00
2026-07-17,2026-07-18,miuraya,三浦屋,booking,17627,21186,22100,confirmed_two_person_standard_room,assumed_room_only,high,warning,2026-07-17T13:35:06+09:00
2026-07-18,2026-07-19,kiraku,ホテル喜らく,booking,17745,19144,23046,confirmed_two_person_standard_room,assumed_room_only,high,critical,2026-07-18T13:35:06+09:00
2026-06-23,2026-07-19,miuraya,三浦屋,jalan,18500,24288,41290,confirmed_two_person_standard_room,confirmed_room_only,high,warning,2026-06-23T20:00:05+09:00
2026-07-18,2026-07-19,miuraya,三浦屋,booking,14652,18315,22770,confirmed_two_person_standard_room,assumed_room_only,high,warning,2026-07-18T13:35:06+09:00
2026-07-19,2026-07-20,kiraku,ホテル喜らく,booking,13930,14266,17178,confirmed_two_person_standard_room,assumed_room_only,high,critical,2026-07-19T13:35:06+09:00
2026-06-24,2026-07-20,miuraya,三浦屋,jalan,18100,19712,19712,confirmed_two_person_standard_room,confirmed_room_only,high,warning,2026-06-24T02:00:06+09:00
2026-07-19,2026-07-20,miuraya,三浦屋,booking,12902,16127,18480,confirmed_two_person_standard_room,assumed_room_only,high,warning,2026-07-19T13:35:06+09:00
2026-07-20,2026-07-21,kiraku,ホテル喜らく,booking,10257,11949,14221,confirmed_two_person_standard_room,assumed_room_only,high,critical,2026-07-20T13:35:06+09:00
2026-06-25,2026-07-21,miuraya,三浦屋,jalan,15120,16800,17248,confirmed_two_person_standard_room,confirmed_room_only,high,warning,2026-06-25T20:00:05+09:00
2026-07-20,2026-07-21,miuraya,三浦屋,booking,10418,13023,14994,confirmed_two_person_standard_room,assumed_room_only,high,warning,2026-07-20T13:35:06+09:00
2026-07-21,2026-07-22,kiraku,ホテル喜らく,booking,9475,11949,12088,confirmed_two_person_standard_room,assumed_room_only,high,critical,2026-07-21T10:00:07+09:00
2026-06-25,2026-07-22,miuraya,三浦屋,jalan,15120,16800,16800,confirmed_two_person_standard_room,confirmed_room_only,high,warning,2026-06-25T20:00:05+09:00
2026-07-21,2026-07-22,miuraya,三浦屋,booking,10418,13023,16660,confirmed_two_person_standard_room,assumed_room_only,high,warning,2026-07-21T13:35:05+09:00
2026-07-22,2026-07-23,kiraku,ホテル喜らく,booking,8755,11209,12883,confirmed_two_person_standard_room,assumed_room_only,high,critical,2026-07-22T13:35:06+09:00
2026-06-28,2026-07-23,miuraya,三浦屋,jalan,13305,16800,17472,confirmed_two_person_standard_room,confirmed_room_only,high,warning,2026-06-28T16:00:06+09:00
2026-07-22,2026-07-23,miuraya,三浦屋,booking,10418,13023,17640,confirmed_two_person_standard_room,assumed_room_only,high,warning,2026-07-22T13:35:06+09:00
2026-07-23,2026-07-24,kiraku,ホテル喜らく,booking,11393,13400,15403,confirmed_two_person_standard_room,assumed_room_only,high,critical,2026-07-23T13:35:06+09:00
2026-06-24,2026-07-24,miuraya,三浦屋,jalan,17800,17800,17800,confirmed_two_person_standard_room,confirmed_room_only,high,warning,2026-06-24T14:00:06+09:00
2026-07-23,2026-07-24,miuraya,三浦屋,booking,12688,15860,15912,confirmed_two_person_standard_room,assumed_room_only,high,warning,2026-07-23T13:35:06+09:00
2026-07-24,2026-07-25,kiraku,ホテル喜らく,booking,16938,17442,19927,confirmed_two_person_standard_room,assumed_room_only,high,critical,2026-07-24T13:35:02+09:00
2026-06-30,2026-07-25,miuraya,三浦屋,jalan,18832,20240,21400,confirmed_two_person_standard_room,confirmed_room_only,high,warning,2026-06-30T00:00:01+09:00
2026-07-24,2026-07-25,miuraya,三浦屋,booking,15716,19125,25000,confirmed_two_person_standard_room,assumed_room_only,high,warning,2026-07-24T13:35:02+09:00
2026-07-25,2026-07-26,kiraku,ホテル喜らく,booking,11314,12559,13311,confirmed_two_person_standard_room,assumed_room_only,high,critical,2026-07-25T13:35:05+09:00
2026-06-29,2026-07-26,miuraya,三浦屋,jalan,14652,14652,14652,confirmed_two_person_standard_room,confirmed_room_only,high,warning,2026-06-29T18:00:05+09:00
2026-07-25,2026-07-26,miuraya,三浦屋,booking,13187,14940,16601,confirmed_two_person_standard_room,assumed_room_only,high,warning,2026-07-25T13:35:05+09:00
2026-07-26,2026-07-27,kiraku,ホテル喜らく,booking,10224,13028,13785,confirmed_two_person_standard_room,assumed_room_only,high,critical,2026-07-26T13:35:06+09:00
2026-07-26,2026-07-27,miuraya,三浦屋,booking,14218,18489,20543,confirmed_two_person_standard_room,assumed_room_only,high,warning,2026-07-26T13:35:06+09:00
2026-07-27,2026-07-28,kiraku,ホテル喜らく,booking,10120,11906,14511,confirmed_two_person_standard_room,assumed_room_only,high,critical,2026-07-27T13:35:05+09:00
2026-06-29,2026-07-28,miuraya,三浦屋,jalan,21502,21502,21502,confirmed_two_person_standard_room,confirmed_room_only,high,warning,2026-06-29T18:00:05+09:00
2026-07-27,2026-07-28,miuraya,三浦屋,booking,11224,14596,19080,confirmed_two_person_standard_room,assumed_room_only,high,warning,2026-07-27T13:35:05+09:00
2026-07-28,2026-07-29,kiraku,ホテル喜らく,booking,10120,12180,13937,confirmed_two_person_standard_room,assumed_room_only,high,critical,2026-07-28T13:35:05+09:00
2026-06-29,2026-07-29,miuraya,三浦屋,jalan,15928,15928,15928,confirmed_two_person_standard_room,confirmed_room_only,high,warning,2026-06-29T14:00:05+09:00
2026-07-28,2026-07-29,miuraya,三浦屋,booking,11224,14596,19080,confirmed_two_person_standard_room,assumed_room_only,high,warning,2026-07-28T13:35:05+09:00
2026-07-29,2026-07-30,kiraku,ホテル喜らく,booking,12161,15173,18333,confirmed_two_person_standard_room,assumed_room_only,high,critical,2026-07-29T13:35:06+09:00
2026-07-29,2026-07-30,miuraya,三浦屋,booking,11565,15590,18020,confirmed_two_person_standard_room,assumed_room_only,high,warning,2026-07-29T13:35:06+09:00
2026-07-30,2026-07-31,kiraku,ホテル喜らく,booking,12823,13674,15973,confirmed_two_person_standard_room,assumed_room_only,high,critical,2026-07-30T13:35:06+09:00
2026-07-30,2026-07-31,miuraya,三浦屋,booking,13686,15491,20250,confirmed_two_person_standard_room,assumed_room_only,high,warning,2026-07-30T13:35:06+09:00
2026-07-31,2026-08-01,kiraku,ホテル喜らく,booking,14717,16916,18610,confirmed_two_person_standard_room,assumed_room_only,high,critical,2026-07-31T13:35:06+09:00
2026-06-29,2026-08-01,miuraya,三浦屋,jalan,19184,21472,21800,confirmed_two_person_standard_room,confirmed_room_only,high,warning,2026-06-29T12:00:02+09:00
2026-07-31,2026-08-01,miuraya,三浦屋,booking,17266,22239,24710,confirmed_two_person_standard_room,assumed_room_only,high,warning,2026-07-31T13:35:06+09:00
2026-08-01,2026-08-02,kiraku,ホテル喜らく,booking,11314,12629,14094,confirmed_two_person_standard_room,assumed_room_only,high,critical,2026-08-01T13:35:06+09:00
2026-08-01,2026-08-02,miuraya,三浦屋,booking,13187,16601,18445,confirmed_two_person_standard_room,assumed_room_only,high,warning,2026-08-01T13:35:06+09:00
2026-08-02,2026-08-03,kiraku,ホテル喜らく,booking,10120,12180,15433,confirmed_two_person_standard_room,assumed_room_only,high,critical,2026-08-02T13:35:06+09:00
2026-08-02,2026-08-03,miuraya,三浦屋,booking,10418,15594,16660,confirmed_two_person_standard_room,assumed_room_only,high,warning,2026-08-02T13:35:06+09:00
2026-08-03,2026-08-04,kiraku,ホテル喜らく,booking,11482,16065,16065,confirmed_two_person_standard_room,assumed_room_only,high,critical,2026-08-03T13:35:05+09:00
2026-08-03,2026-08-04,miuraya,三浦屋,booking,11576,17093,22491,confirmed_two_person_standard_room,assumed_room_only,high,warning,2026-08-03T13:35:05+09:00
2026-08-04,2026-08-05,kiraku,ホテル喜らく,booking,11482,16065,42160,confirmed_two_person_standard_room,assumed_room_only,high,critical,2026-08-04T13:35:06+09:00
2026-08-04,2026-08-05,miuraya,三浦屋,booking,10418,14994,16660,confirmed_two_person_standard_room,assumed_room_only,high,warning,2026-08-04T13:35:06+09:00
2026-08-05,2026-08-06,kiraku,ホテル喜らく,booking,13278,16422,20706,confirmed_two_person_standard_room,assumed_room_only,high,critical,2026-08-05T13:35:06+09:00
2026-08-05,2026-08-06,miuraya,三浦屋,booking,10418,14994,16660,confirmed_two_person_standard_room,assumed_room_only,high,warning,2026-08-05T13:35:06+09:00
2026-08-06,2026-08-07,kiraku,ホテル喜らく,booking,13405,18786,20600,confirmed_two_person_standard_room,assumed_room_only,high,critical,2026-08-06T13:35:06+09:00
2026-08-06,2026-08-07,miuraya,三浦屋,booking,14098,16548,18387,confirmed_two_person_standard_room,assumed_room_only,high,warning,2026-08-06T13:35:06+09:00
2026-08-07,2026-08-08,kiraku,ホテル喜らく,booking,18975,24235,28524,confirmed_two_person_standard_room,assumed_room_only,high,critical,2026-08-07T13:35:07+09:00
2026-06-29,2026-08-08,miuraya,三浦屋,jalan,21472,22528,26800,confirmed_two_person_standard_room,confirmed_room_only,high,warning,2026-06-29T20:00:06+09:00
2026-08-07,2026-08-08,miuraya,三浦屋,booking,19103,23945,26605,confirmed_two_person_standard_room,assumed_room_only,high,warning,2026-08-07T13:35:07+09:00
2026-08-08,2026-08-09,kiraku,ホテル喜らく,booking,16981,25285,29505,confirmed_two_person_standard_room,assumed_room_only,high,critical,2026-08-08T13:35:05+09:00
2026-06-28,2026-08-09,miuraya,三浦屋,jalan,21824,23760,24800,confirmed_two_person_standard_room,confirmed_room_only,high,warning,2026-06-28T04:00:06+09:00
2026-08-08,2026-08-09,miuraya,三浦屋,booking,17677,22185,24650,confirmed_two_person_standard_room,assumed_room_only,high,warning,2026-08-08T13:35:05+09:00
2026-06-13,2026-08-10,kiraku,ホテル喜らく,jalan,24000,28530,31700,unknown_room_basis,unknown_meal_basis,low,critical,2026-06-13T09:00:05+09:00
2026-08-09,2026-08-10,kiraku,ホテル喜らく,booking,20373,24480,28471,confirmed_two_person_standard_room,assumed_room_only,high,critical,2026-08-09T13:35:06+09:00
2026-08-09,2026-08-10,miuraya,三浦屋,booking,15379,22185,26100,confirmed_two_person_standard_room,assumed_room_only,high,warning,2026-08-09T13:35:06+09:00
2026-06-28,2026-08-10,miuraya,三浦屋,jalan,21824,23840,24800,confirmed_two_person_standard_room,confirmed_room_only,high,warning,2026-06-28T04:00:06+09:00
2026-08-10,2026-08-11,kiraku,ホテル喜らく,booking,24756,29920,33323,confirmed_two_person_standard_room,assumed_room_only,high,critical,2026-08-10T13:35:05+09:00
2026-08-10,2026-08-11,miuraya,三浦屋,booking,17677,22185,26100,confirmed_two_person_standard_room,assumed_room_only,high,warning,2026-08-10T13:35:05+09:00
2026-06-28,2026-08-11,miuraya,三浦屋,jalan,21824,24544,24800,confirmed_two_person_standard_room,confirmed_room_only,high,warning,2026-06-28T06:00:05+09:00
2026-08-11,2026-08-12,kiraku,ホテル喜らく,booking,25993,27459,31862,confirmed_two_person_standard_room,assumed_room_only,high,critical,2026-08-11T13:35:05+09:00
2026-08-11,2026-08-12,miuraya,三浦屋,booking,17088,22185,24650,confirmed_two_person_standard_room,assumed_room_only,high,warning,2026-08-11T13:35:05+09:00
2026-06-28,2026-08-12,miuraya,三浦屋,jalan,21824,22528,24800,confirmed_two_person_standard_room,confirmed_room_only,high,warning,2026-06-28T06:00:05+09:00
2026-08-12,2026-08-13,kiraku,ホテル喜らく,booking,25615,27358,31595,confirmed_two_person_standard_room,assumed_room_only,high,critical,2026-08-12T13:35:06+09:00
2026-08-12,2026-08-13,miuraya,三浦屋,booking,17088,22185,24650,confirmed_two_person_standard_room,assumed_room_only,high,warning,2026-08-12T13:35:06+09:00
2026-06-30,2026-08-13,miuraya,三浦屋,jalan,21824,24800,25520,confirmed_two_person_standard_room,confirmed_room_only,high,warning,2026-06-30T00:00:01+09:00
2026-08-13,2026-08-14,kiraku,ホテル喜らく,booking,23314,27315,31773,confirmed_two_person_standard_room,assumed_room_only,high,critical,2026-08-13T12:00:06+09:00
2026-08-13,2026-08-14,miuraya,三浦屋,booking,19642,22185,41905,confirmed_two_person_standard_room,assumed_room_only,high,warning,2026-08-13T13:35:06+09:00
2026-06-29,2026-08-14,miuraya,三浦屋,jalan,21824,24800,27280,confirmed_two_person_standard_room,confirmed_room_only,high,warning,2026-06-29T08:00:05+09:00
2026-08-14,2026-08-15,kiraku,ホテル喜らく,booking,20040,22545,27583,probable_two_person_standard_room,assumed_room_only,medium,critical,2026-08-14T13:35:06+09:00
2026-08-09,2026-08-15,miuraya,三浦屋,booking,21226,23945,35917,confirmed_two_person_standard_room,assumed_room_only,high,warning,2026-08-09T02:00:06+09:00
2026-06-29,2026-08-15,miuraya,三浦屋,jalan,23584,26800,27280,confirmed_two_person_standard_room,confirmed_room_only,high,warning,2026-06-29T14:00:05+09:00
2026-08-15,2026-08-16,kiraku,ホテル喜らく,booking,12593,14940,18727,confirmed_two_person_standard_room,assumed_room_only,high,critical,2026-08-15T13:35:06+09:00
2026-08-09,2026-08-16,miuraya,三浦屋,booking,14018,15836,19800,confirmed_two_person_standard_room,assumed_room_only,high,warning,2026-08-09T04:00:06+09:00
2026-07-19,2026-08-16,miuraya,三浦屋,jalan,15576,17700,21120,confirmed_two_person_standard_room,confirmed_room_only,high,warning,2026-07-19T00:00:02+09:00
2026-08-16,2026-08-17,kiraku,ホテル喜らく,booking,9931,11684,16116,confirmed_two_person_standard_room,assumed_room_only,high,critical,2026-08-16T04:00:06+09:00
2026-08-08,2026-08-17,miuraya,三浦屋,booking,13977,15530,17255,confirmed_two_person_standard_room,assumed_room_only,high,warning,2026-08-08T16:00:04+09:00
2026-07-19,2026-08-17,miuraya,三浦屋,jalan,19575,19575,19575,confirmed_two_person_standard_room,confirmed_room_only,high,warning,2026-07-19T20:00:05+09:00
2026-08-17,2026-08-18,kiraku,ホテル喜らく,booking,9366,11495,34211,confirmed_two_person_standard_room,assumed_room_only,high,critical,2026-08-17T13:35:07+09:00
2026-07-19,2026-08-18,miuraya,三浦屋,jalan,19575,19575,19575,confirmed_two_person_standard_room,confirmed_room_only,high,warning,2026-07-19T20:00:05+09:00
2026-08-09,2026-08-18,miuraya,三浦屋,booking,13977,15530,18270,confirmed_two_person_standard_room,assumed_room_only,high,warning,2026-08-09T20:00:06+09:00
2026-08-18,2026-08-19,kiraku,ホテル喜らく,booking,9366,11019,12963,confirmed_two_person_standard_room,assumed_room_only,high,critical,2026-08-18T13:35:06+09:00
2026-08-09,2026-08-19,miuraya,三浦屋,booking,13977,15530,18270,confirmed_two_person_standard_room,assumed_room_only,high,warning,2026-08-09T06:00:05+09:00
2026-08-19,2026-08-20,kiraku,ホテル喜らく,booking,10826,11758,31749,confirmed_two_person_standard_room,assumed_room_only,high,critical,2026-08-19T13:35:01+09:00
2026-08-09,2026-08-20,miuraya,三浦屋,booking,13977,15530,17255,confirmed_two_person_standard_room,assumed_room_only,high,warning,2026-08-09T00:00:02+09:00
2026-08-19,2026-08-21,kiraku,ホテル喜らく,booking,13889,15086,17687,confirmed_two_person_standard_room,assumed_room_only,high,critical,2026-08-19T13:35:01+09:00
2026-08-19,2026-08-21,miuraya,三浦屋,booking,16371,16371,18190,confirmed_two_person_standard_room,assumed_room_only,high,warning,2026-08-19T13:35:01+09:00
2026-08-19,2026-08-22,kiraku,ホテル喜らく,booking,16497,18506,45680,confirmed_two_person_standard_room,assumed_room_only,high,critical,2026-08-19T13:35:01+09:00
2026-08-19,2026-08-22,miuraya,三浦屋,booking,18284,18284,21510,confirmed_two_person_standard_room,assumed_room_only,high,warning,2026-08-19T13:35:01+09:00
2026-07-19,2026-08-22,miuraya,三浦屋,jalan,17952,20400,23055,confirmed_two_person_standard_room,confirmed_room_only,high,warning,2026-07-19T04:00:02+09:00
2026-08-19,2026-08-23,kiraku,ホテル喜らく,booking,13208,14436,17266,confirmed_two_person_standard_room,assumed_room_only,high,critical,2026-08-19T13:35:01+09:00
2026-07-20,2026-08-23,kiraku,ホテル喜らく,jalan,17820,17901,17982,confirmed_two_person_standard_room,confirmed_room_only,high,critical,2026-07-20T02:00:06+09:00
2026-08-19,2026-08-23,miuraya,三浦屋,booking,14252,14252,23753,confirmed_two_person_standard_room,assumed_room_only,high,warning,2026-08-19T13:35:01+09:00
2026-08-17,2026-08-24,kiraku,ホテル喜らく,booking,10349,11240,13224,confirmed_two_person_standard_room,assumed_room_only,high,critical,2026-08-17T16:00:05+09:00
2026-08-17,2026-08-24,miuraya,三浦屋,booking,13357,13357,28033,confirmed_two_person_standard_room,assumed_room_only,high,warning,2026-08-17T02:00:07+09:00
2026-08-18,2026-08-25,kiraku,ホテル喜らく,booking,10349,11240,12920,confirmed_two_person_standard_room,assumed_room_only,high,critical,2026-08-18T08:00:03+09:00
2026-08-17,2026-08-25,miuraya,三浦屋,booking,14841,14841,28033,confirmed_two_person_standard_room,assumed_room_only,high,warning,2026-08-17T04:00:07+09:00
2026-08-18,2026-08-26,kiraku,ホテル喜らく,booking,10349,11240,12920,confirmed_two_person_standard_room,assumed_room_only,high,critical,2026-08-18T16:00:06+09:00
2026-08-17,2026-08-26,miuraya,三浦屋,booking,13762,14841,25230,confirmed_two_person_standard_room,assumed_room_only,high,warning,2026-08-17T18:00:09+09:00
2026-08-18,2026-08-27,kiraku,ホテル喜らく,booking,11030,11980,13770,confirmed_two_person_standard_room,assumed_room_only,high,critical,2026-08-18T18:00:10+09:00
2026-08-17,2026-08-27,miuraya,三浦屋,booking,12385,13357,20035,confirmed_two_person_standard_room,assumed_room_only,high,warning,2026-08-17T18:00:09+09:00
2026-08-18,2026-08-28,kiraku,ホテル喜らく,booking,14310,15260,18156,confirmed_two_person_standard_room,assumed_room_only,high,critical,2026-08-18T20:00:03+09:00
2026-08-17,2026-08-28,miuraya,三浦屋,booking,14114,14114,26660,confirmed_two_person_standard_room,assumed_room_only,high,warning,2026-08-17T20:00:06+09:00
2026-08-19,2026-08-29,kiraku,ホテル喜らく,booking,16492,17551,49021,confirmed_two_person_standard_room,assumed_room_only,high,critical,2026-08-19T02:00:06+09:00
2026-08-17,2026-08-29,miuraya,三浦屋,booking,18089,19508,33163,confirmed_two_person_standard_room,assumed_room_only,high,warning,2026-08-17T20:00:06+09:00
2026-07-20,2026-08-29,miuraya,三浦屋,jalan,20768,21800,24621,confirmed_two_person_standard_room,confirmed_room_only,high,warning,2026-07-20T00:00:06+09:00
2026-08-19,2026-08-30,kiraku,ホテル喜らく,booking,11980,13311,15660,confirmed_two_person_standard_room,assumed_room_only,high,critical,2026-08-19T02:00:06+09:00
2026-08-17,2026-08-30,miuraya,三浦屋,booking,13495,14994,17326,confirmed_two_person_standard_room,assumed_room_only,high,warning,2026-08-17T22:00:06+09:00
2026-08-19,2026-08-31,kiraku,ホテル喜らく,booking,10116,11240,13224,confirmed_two_person_standard_room,assumed_room_only,high,critical,2026-08-19T04:00:01+09:00
2026-08-19,2026-08-31,miuraya,三浦屋,booking,13357,13357,14841,confirmed_two_person_standard_room,assumed_room_only,high,warning,2026-08-19T08:00:01+09:00
2026-08-16,2026-09-01,kiraku,ホテル喜らく,booking,10871,12793,13977,confirmed_two_person_standard_room,assumed_room_only,high,critical,2026-08-16T10:00:06+09:00
2026-08-18,2026-09-01,miuraya,三浦屋,booking,14183,14183,15759,confirmed_two_person_standard_room,assumed_room_only,high,warning,2026-08-18T22:00:00+09:00
2026-08-18,2026-09-02,kiraku,ホテル喜らく,booking,10649,11832,13600,confirmed_two_person_standard_room,assumed_room_only,high,critical,2026-08-18T06:00:05+09:00
2026-08-18,2026-09-02,miuraya,三浦屋,booking,14183,15759,26790,confirmed_two_person_standard_room,assumed_room_only,high,warning,2026-08-18T12:00:06+09:00
2026-08-18,2026-09-03,kiraku,ホテル喜らく,booking,11048,12276,14442,confirmed_two_person_standard_room,assumed_room_only,high,critical,2026-08-18T10:00:07+09:00
2026-08-18,2026-09-03,miuraya,三浦屋,booking,14183,14183,16389,confirmed_two_person_standard_room,assumed_room_only,high,warning,2026-08-18T18:00:10+09:00
2026-08-18,2026-09-04,kiraku,ホテル喜らく,booking,12579,13977,16075,confirmed_two_person_standard_room,assumed_room_only,high,critical,2026-08-18T06:00:05+09:00
2026-08-19,2026-09-04,miuraya,三浦屋,booking,14872,14872,17185,confirmed_two_person_standard_room,assumed_room_only,high,warning,2026-08-19T02:00:06+09:00
2026-08-18,2026-09-05,kiraku,ホテル喜らく,booking,14843,16713,19890,confirmed_two_person_standard_room,assumed_room_only,high,critical,2026-08-18T12:00:06+09:00
2026-08-18,2026-09-05,miuraya,三浦屋,booking,16731,16731,20655,confirmed_two_person_standard_room,assumed_room_only,high,warning,2026-08-18T18:00:10+09:00
2026-07-31,2026-09-05,miuraya,三浦屋,jalan,20768,20768,27000,confirmed_two_person_standard_room,confirmed_room_only,high,warning,2026-07-31T08:00:06+09:00
2026-08-17,2026-09-06,kiraku,ホテル喜らく,booking,11314,12572,15300,confirmed_two_person_standard_room,assumed_room_only,high,critical,2026-08-17T22:00:06+09:00
2026-08-18,2026-09-06,miuraya,三浦屋,booking,15759,15759,17510,confirmed_two_person_standard_room,assumed_room_only,high,warning,2026-08-18T20:00:03+09:00
2026-08-18,2026-09-07,kiraku,ホテル喜らく,booking,10649,11832,13920,confirmed_two_person_standard_room,assumed_room_only,high,critical,2026-08-18T12:00:06+09:00
2026-08-19,2026-09-07,miuraya,三浦屋,booking,14183,14183,15759,confirmed_two_person_standard_room,assumed_room_only,high,warning,2026-08-19T02:00:06+09:00
2026-08-18,2026-09-08,kiraku,ホテル喜らく,booking,10649,11832,13600,confirmed_two_person_standard_room,assumed_room_only,high,critical,2026-08-18T16:00:06+09:00
2026-08-19,2026-09-08,miuraya,三浦屋,booking,14183,14183,14183,confirmed_two_person_standard_room,assumed_room_only,high,warning,2026-08-19T04:00:01+09:00
2026-08-18,2026-09-09,kiraku,ホテル喜らく,booking,10649,11832,11832,confirmed_two_person_standard_room,assumed_room_only,high,critical,2026-08-18T20:00:03+09:00
2026-08-18,2026-09-09,miuraya,三浦屋,booking,15759,15759,17510,confirmed_two_person_standard_room,assumed_room_only,high,warning,2026-08-18T22:00:00+09:00
2026-08-18,2026-09-10,kiraku,ホテル喜らく,booking,11048,12276,14110,confirmed_two_person_standard_room,assumed_room_only,high,critical,2026-08-18T18:00:10+09:00
2026-08-19,2026-09-10,miuraya,三浦屋,booking,15759,26790,29767,confirmed_two_person_standard_room,assumed_room_only,high,warning,2026-08-19T06:00:01+09:00
2026-08-19,2026-09-11,kiraku,ホテル喜らく,booking,12587,16075,17340,confirmed_two_person_standard_room,assumed_room_only,high,critical,2026-08-19T06:00:01+09:00
2026-08-19,2026-09-11,miuraya,三浦屋,booking,28091,28091,28091,confirmed_two_person_standard_room,assumed_room_only,high,warning,2026-08-19T08:00:01+09:00
2026-08-18,2026-09-12,kiraku,ホテル喜らく,booking,17626,20271,21080,confirmed_two_person_standard_room,assumed_room_only,high,critical,2026-08-18T22:00:00+09:00
2026-07-31,2026-09-12,miuraya,三浦屋,jalan,18275,20768,27000,confirmed_two_person_standard_room,confirmed_room_only,high,warning,2026-07-31T12:00:05+09:00
2026-08-18,2026-09-12,miuraya,三浦屋,booking,18590,18590,35114,confirmed_two_person_standard_room,assumed_room_only,high,warning,2026-08-18T10:00:07+09:00
2026-08-19,2026-09-13,kiraku,ホテル喜らく,booking,11314,14450,14450,confirmed_two_person_standard_room,assumed_room_only,high,critical,2026-08-19T12:00:01+09:00
2026-08-17,2026-09-13,miuraya,三浦屋,booking,15759,21275,26790,confirmed_two_person_standard_room,assumed_room_only,high,warning,2026-08-17T00:00:07+09:00
2026-08-16,2026-09-14,kiraku,ホテル喜らく,booking,10649,10649,10649,confirmed_two_person_standard_room,assumed_room_only,high,critical,2026-08-16T16:00:05+09:00
2026-08-19,2026-09-14,miuraya,三浦屋,booking,26790,26790,26790,confirmed_two_person_standard_room,assumed_room_only,high,warning,2026-08-19T10:00:00+09:00
2026-08-17,2026-09-15,kiraku,ホテル喜らく,booking,10649,10649,10649,confirmed_two_person_standard_room,assumed_room_only,high,critical,2026-08-17T20:00:06+09:00
2026-08-17,2026-09-15,miuraya,三浦屋,booking,15759,15759,15759,confirmed_two_person_standard_room,assumed_room_only,high,warning,2026-08-17T06:00:06+09:00
2026-08-18,2026-09-16,kiraku,ホテル喜らく,booking,10649,10649,10649,confirmed_two_person_standard_room,assumed_room_only,high,critical,2026-08-18T22:00:00+09:00
2026-08-19,2026-09-16,miuraya,三浦屋,booking,26790,26790,26790,confirmed_two_person_standard_room,assumed_room_only,high,warning,2026-08-19T04:00:01+09:00
2026-08-19,2026-09-17,miuraya,三浦屋,booking,15759,15759,15759,confirmed_two_person_standard_room,assumed_room_only,high,warning,2026-08-19T10:00:00+09:00
2026-08-17,2026-09-18,kiraku,ホテル喜らく,booking,14459,16065,16438,confirmed_two_person_standard_room,assumed_room_only,high,critical,2026-08-17T12:00:05+09:00
2026-08-17,2026-09-18,miuraya,三浦屋,booking,16812,16812,16812,confirmed_two_person_standard_room,assumed_room_only,high,warning,2026-08-17T08:00:06+09:00
2026-06-16,2026-09-19,kiraku,ホテル喜らく,jalan,29900,29900,29900,unknown_room_basis,unknown_meal_basis,low,critical,2026-06-16T08:00:05+09:00
2026-08-17,2026-09-19,kiraku,ホテル喜らく,booking,24098,26775,28050,confirmed_two_person_standard_room,assumed_room_only,high,critical,2026-08-17T02:00:07+09:00
2026-07-31,2026-09-19,miuraya,三浦屋,jalan,21992,24992,32500,confirmed_two_person_standard_room,confirmed_room_only,high,warning,2026-07-31T22:00:06+09:00
2026-08-16,2026-09-19,miuraya,三浦屋,booking,22415,22415,26370,confirmed_two_person_standard_room,assumed_room_only,high,warning,2026-08-16T20:00:07+09:00
2026-06-16,2026-09-20,kiraku,ホテル喜らく,jalan,31100,31100,31100,unknown_room_basis,unknown_meal_basis,low,critical,2026-06-16T12:00:05+09:00
2026-08-19,2026-09-20,kiraku,ホテル喜らく,booking,40316,40316,40316,confirmed_two_person_standard_room,assumed_room_only,high,critical,2026-08-19T08:00:01+09:00
2026-07-31,2026-09-20,miuraya,三浦屋,jalan,21992,24992,32500,confirmed_two_person_standard_room,confirmed_room_only,high,warning,2026-07-31T04:00:06+09:00
2026-08-17,2026-09-20,miuraya,三浦屋,booking,22415,22415,24905,confirmed_two_person_standard_room,assumed_room_only,high,warning,2026-08-17T04:00:07+09:00
2026-06-16,2026-09-21,kiraku,ホテル喜らく,jalan,29900,29900,29900,unknown_room_basis,unknown_meal_basis,low,critical,2026-06-16T10:00:06+09:00
2026-08-17,2026-09-21,kiraku,ホテル喜らく,booking,27297,30330,33745,confirmed_two_person_standard_room,assumed_room_only,high,critical,2026-08-17T06:00:06+09:00
2026-07-31,2026-09-21,miuraya,三浦屋,jalan,21373,24288,31600,confirmed_two_person_standard_room,confirmed_room_only,high,warning,2026-07-31T08:00:06+09:00
2026-08-17,2026-09-21,miuraya,三浦屋,booking,21726,21726,24140,confirmed_two_person_standard_room,assumed_room_only,high,warning,2026-08-17T00:00:07+09:00
2026-06-16,2026-09-22,kiraku,ホテル喜らく,jalan,29400,29400,29400,unknown_room_basis,unknown_meal_basis,low,critical,2026-06-16T10:00:06+09:00
2026-08-19,2026-09-22,kiraku,ホテル喜らく,booking,18360,21180,24000,confirmed_two_person_standard_room,assumed_room_only,high,critical,2026-08-19T06:00:01+09:00
2026-07-31,2026-09-22,miuraya,三浦屋,jalan,20134,22880,29700,confirmed_two_person_standard_room,confirmed_room_only,high,warning,2026-07-31T22:00:06+09:00
2026-08-16,2026-09-22,miuraya,三浦屋,booking,20426,20426,24030,confirmed_two_person_standard_room,assumed_room_only,high,warning,2026-08-16T14:00:13+09:00
2026-06-16,2026-09-23,kiraku,ホテル喜らく,jalan,28800,28800,28800,unknown_room_basis,unknown_meal_basis,low,critical,2026-06-16T02:00:06+09:00
2026-08-19,2026-09-23,kiraku,ホテル喜らく,booking,14612,14612,14612,confirmed_two_person_standard_room,assumed_room_only,high,critical,2026-08-19T10:00:00+09:00
2026-07-31,2026-09-23,miuraya,三浦屋,jalan,18275,20768,27000,confirmed_two_person_standard_room,confirmed_room_only,high,warning,2026-07-31T10:00:06+09:00
2026-08-19,2026-09-23,miuraya,三浦屋,booking,18590,18590,18590,confirmed_two_person_standard_room,assumed_room_only,high,warning,2026-08-19T06:00:01+09:00
2026-08-17,2026-09-25,kiraku,ホテル喜らく,booking,16065,17298,18530,confirmed_two_person_standard_room,assumed_room_only,high,critical,2026-08-17T14:00:07+09:00
2026-08-17,2026-09-25,miuraya,三浦屋,booking,16524,16524,16524,confirmed_two_person_standard_room,assumed_room_only,high,warning,2026-08-17T10:00:06+09:00
2026-08-19,2026-09-26,kiraku,ホテル喜らく,booking,17595,17595,17595,confirmed_two_person_standard_room,assumed_room_only,high,critical,2026-08-19T10:00:00+09:00
2026-07-31,2026-09-26,miuraya,三浦屋,jalan,18275,23490,27000,confirmed_two_person_standard_room,confirmed_room_only,high,warning,2026-07-31T14:00:06+09:00
2026-08-16,2026-09-26,miuraya,三浦屋,booking,18590,18590,18590,confirmed_two_person_standard_room,assumed_room_only,high,warning,2026-08-16T14:41:24+09:00
2026-08-17,2026-09-27,kiraku,ホテル喜らく,booking,14076,14076,14076,confirmed_two_person_standard_room,assumed_room_only,high,critical,2026-08-17T14:00:07+09:00
2026-08-17,2026-09-27,miuraya,三浦屋,booking,15759,15759,15759,confirmed_two_person_standard_room,assumed_room_only,high,warning,2026-08-17T10:00:06+09:00
2026-08-19,2026-09-30,miuraya,三浦屋,booking,15759,15759,15759,confirmed_two_person_standard_room,assumed_room_only,high,warning,2026-08-19T12:00:01+09:00
2026-08-17,2026-10-02,kiraku,ホテル喜らく,booking,20574,20574,20574,confirmed_two_person_standard_room,assumed_room_only,high,critical,2026-08-17T16:00:05+09:00
2026-08-17,2026-10-02,miuraya,三浦屋,booking,20430,20430,20430,confirmed_two_person_standard_room,assumed_room_only,high,warning,2026-08-17T12:00:05+09:00
2026-08-16,2026-10-03,kiraku,ホテル喜らく,booking,20161,20161,20161,confirmed_two_person_standard_room,assumed_room_only,high,critical,2026-08-16T20:00:07+09:00
2026-07-31,2026-10-03,miuraya,三浦屋,jalan,26883,28892,30900,confirmed_two_person_standard_room,confirmed_room_only,high,warning,2026-07-31T14:00:06+09:00
2026-08-19,2026-10-03,miuraya,三浦屋,booking,25020,25020,25020,confirmed_two_person_standard_room,assumed_room_only,high,warning,2026-08-19T12:00:01+09:00
2026-08-17,2026-10-04,kiraku,ホテル喜らく,booking,15472,15472,15472,confirmed_two_person_standard_room,assumed_room_only,high,critical,2026-08-17T18:00:09+09:00
2026-08-17,2026-10-04,miuraya,三浦屋,booking,19980,19980,19980,confirmed_two_person_standard_room,assumed_room_only,high,warning,2026-08-17T12:00:05+09:00
2026-08-17,2026-10-09,kiraku,ホテル喜らく,booking,19359,19359,19359,confirmed_two_person_standard_room,assumed_room_only,high,critical,2026-08-17T22:00:06+09:00
2026-08-17,2026-10-09,miuraya,三浦屋,booking,20430,20430,20430,confirmed_two_person_standard_room,assumed_room_only,high,warning,2026-08-17T14:00:07+09:00
2026-06-16,2026-10-10,kiraku,ホテル喜らく,jalan,31100,31100,31100,unknown_room_basis,unknown_meal_basis,low,critical,2026-06-16T02:00:06+09:00
2026-08-17,2026-10-10,kiraku,ホテル喜らく,booking,22518,22518,22518,probable_two_person_standard_room,assumed_room_only,medium,critical,2026-08-17T02:00:07+09:00
2026-07-31,2026-10-10,miuraya,三浦屋,jalan,24992,24992,32500,confirmed_two_person_standard_room,confirmed_room_only,high,warning,2026-07-31T18:00:05+09:00
2026-08-16,2026-10-10,miuraya,三浦屋,booking,26370,26370,26370,confirmed_two_person_standard_room,assumed_room_only,high,warning,2026-08-16T18:00:05+09:00
2026-06-16,2026-10-11,kiraku,ホテル喜らく,jalan,31100,31100,31100,unknown_room_basis,unknown_meal_basis,low,critical,2026-06-16T04:00:06+09:00
2026-08-17,2026-10-11,kiraku,ホテル喜らく,booking,21465,21465,21465,confirmed_two_person_standard_room,assumed_room_only,high,critical,2026-08-17T04:00:07+09:00
2026-07-31,2026-10-11,miuraya,三浦屋,jalan,21373,24288,31600,confirmed_two_person_standard_room,confirmed_room_only,high,warning,2026-07-31T20:00:06+09:00
2026-08-16,2026-10-11,miuraya,三浦屋,booking,25560,25560,25560,confirmed_two_person_standard_room,assumed_room_only,high,warning,2026-08-16T20:00:07+09:00
2026-06-16,2026-10-12,kiraku,ホテル喜らく,jalan,28800,28800,28800,unknown_room_basis,unknown_meal_basis,low,critical,2026-06-16T04:00:06+09:00
2026-08-17,2026-10-12,kiraku,ホテル喜らく,booking,20161,20161,20161,confirmed_two_person_standard_room,assumed_room_only,high,critical,2026-08-17T20:00:06+09:00
2026-07-31,2026-10-12,miuraya,三浦屋,jalan,26300,26300,26300,confirmed_two_person_standard_room,confirmed_room_only,high,warning,2026-07-31T02:00:06+09:00
2026-08-17,2026-10-12,miuraya,三浦屋,booking,19779,19779,19779,confirmed_two_person_standard_room,assumed_room_only,high,warning,2026-08-17T08:00:06+09:00
2026-08-19,2026-10-16,kiraku,ホテル喜らく,booking,18144,18144,18144,probable_two_person_standard_room,assumed_room_only,medium,critical,2026-08-19T18:00:00+09:00
2026-08-19,2026-10-16,miuraya,三浦屋,booking,20430,20430,20430,confirmed_two_person_standard_room,assumed_room_only,high,warning,2026-08-19T22:00:01+09:00
2026-06-16,2026-10-17,kiraku,ホテル喜らく,jalan,28800,28800,28800,unknown_room_basis,unknown_meal_basis,low,critical,2026-06-16T12:00:05+09:00
2026-08-19,2026-10-17,kiraku,ホテル喜らく,booking,20169,20169,20169,probable_two_person_standard_room,assumed_room_only,medium,critical,2026-08-19T18:00:00+09:00
2026-06-27,2026-10-17,miuraya,三浦屋,jalan,23760,23760,23760,confirmed_two_person_standard_room,confirmed_room_only,high,warning,2026-06-27T02:00:05+09:00
2026-08-19,2026-10-18,kiraku,ホテル喜らく,booking,16686,16686,16686,confirmed_two_person_standard_room,assumed_room_only,high,critical,2026-08-19T20:00:02+09:00
2026-08-20,2026-10-18,miuraya,三浦屋,booking,19980,19980,19980,confirmed_two_person_standard_room,assumed_room_only,high,warning,2026-08-20T02:00:00+09:00
2026-08-19,2026-10-23,kiraku,ホテル喜らく,booking,18144,18144,18144,confirmed_two_person_standard_room,assumed_room_only,high,critical,2026-08-19T20:00:02+09:00
2026-08-20,2026-10-23,miuraya,三浦屋,booking,20430,20430,20430,confirmed_two_person_standard_room,assumed_room_only,high,warning,2026-08-20T02:00:00+09:00
2026-06-16,2026-10-24,kiraku,ホテル喜らく,jalan,28800,28800,28800,unknown_room_basis,unknown_meal_basis,low,critical,2026-06-16T14:00:06+09:00
2026-08-19,2026-10-24,kiraku,ホテル喜らく,booking,19278,19278,19278,confirmed_two_person_standard_room,assumed_room_only,high,critical,2026-08-19T22:00:01+09:00
2026-07-31,2026-10-24,miuraya,三浦屋,jalan,23760,23760,30900,confirmed_two_person_standard_room,confirmed_room_only,high,warning,2026-07-31T02:00:06+09:00
2026-08-19,2026-10-24,miuraya,三浦屋,booking,25020,25020,25020,confirmed_two_person_standard_room,assumed_room_only,high,warning,2026-08-19T18:00:00+09:00
2026-08-19,2026-10-25,kiraku,ホテル喜らく,booking,17577,17577,17577,confirmed_two_person_standard_room,assumed_room_only,high,critical,2026-08-19T22:00:01+09:00
2026-08-20,2026-10-30,kiraku,ホテル喜らく,booking,18144,18144,18144,confirmed_two_person_standard_room,assumed_room_only,high,critical,2026-08-20T02:00:00+09:00
2026-06-16,2026-10-31,kiraku,ホテル喜らく,jalan,28800,28800,28800,unknown_room_basis,unknown_meal_basis,low,critical,2026-06-16T22:00:06+09:00
2026-08-20,2026-10-31,kiraku,ホテル喜らく,booking,19116,19116,19116,confirmed_two_person_standard_room,assumed_room_only,high,critical,2026-08-20T02:00:00+09:00
2026-07-31,2026-10-31,miuraya,三浦屋,jalan,23760,26883,30900,confirmed_two_person_standard_room,confirmed_room_only,high,warning,2026-07-31T00:00:02+09:00
2026-08-19,2026-10-31,miuraya,三浦屋,booking,25020,25020,25020,confirmed_two_person_standard_room,assumed_room_only,high,warning,2026-08-19T18:00:00+09:00
2026-08-19,2026-11-03,miuraya,三浦屋,booking,19440,19440,19440,confirmed_two_person_standard_room,assumed_room_only,high,warning,2026-08-19T20:00:02+09:00
2026-07-19,2026-11-07,miuraya,三浦屋,jalan,19712,20992,22272,confirmed_two_person_standard_room,confirmed_room_only,high,warning,2026-07-19T12:00:03+09:00
2026-08-19,2026-11-07,miuraya,三浦屋,booking,20700,20700,20700,confirmed_two_person_standard_room,assumed_room_only,high,warning,2026-08-19T20:00:02+09:00
2026-08-19,2026-11-14,miuraya,三浦屋,booking,20700,20700,20700,confirmed_two_person_standard_room,assumed_room_only,high,warning,2026-08-19T22:00:01+09:00
2026-07-31,2026-11-21,miuraya,三浦屋,jalan,22528,27396,29300,confirmed_two_person_standard_room,confirmed_room_only,high,warning,2026-07-31T04:00:06+09:00
2026-07-19,2026-11-22,miuraya,三浦屋,jalan,21472,22873,24273,confirmed_two_person_standard_room,confirmed_room_only,high,warning,2026-07-19T16:00:00+09:00
2026-07-31,2026-12-19,miuraya,三浦屋,jalan,44022,50600,50600,confirmed_two_person_standard_room,confirmed_room_only,high,warning,2026-07-31T10:00:06+09:00
2026-07-20,2026-12-26,miuraya,三浦屋,jalan,48424,48424,48424,confirmed_two_person_standard_room,confirmed_room_only,high,warning,2026-07-20T04:00:06+09:00
2026-07-31,2026-12-31,miuraya,三浦屋,jalan,60720,60720,60720,confirmed_two_person_standard_room,confirmed_room_only,high,warning,2026-07-31T12:00:05+09:00
