target_type,property,display_name,source,checkin,previous_price,latest_price,delta_amount,delta_rate,direction,previous_collected_at_jst,latest_collected_at_jst
competitor,yoshidaya,吉田屋 / 吉田や,booking,2026-06-18,18700,26400,7700,0.4118,up,2026-06-16T22:00:06+09:00,2026-06-17T22:00:06+09:00
competitor,hammond,HAMMOND / ハモンド,booking,2026-06-19,11139,12814,1675,0.1504,up,2026-06-14T00:47:47+09:00,2026-06-17T02:00:06+09:00
competitor,oakhill,OAKHILL / オークヒル,booking,2026-06-20,28600,33000,4400,0.1538,up,2026-06-16T20:00:06+09:00,2026-06-19T22:00:05+09:00
competitor,yoshidaya,吉田屋 / 吉田や,booking,2026-06-20,20000,17000,-3000,-0.15,down,2026-06-17T08:00:05+09:00,2026-06-19T04:00:05+09:00
competitor,hammond,HAMMOND / ハモンド,booking,2026-06-21,10559,11262,703,0.0666,up,2026-06-14T01:51:59+09:00,2026-06-16T06:00:06+09:00
competitor,oakhill,OAKHILL / オークヒル,booking,2026-06-21,19800,25300,5500,0.2778,up,2026-06-17T20:00:06+09:00,2026-06-20T02:00:05+09:00
competitor,oakhill,OAKHILL / オークヒル,booking,2026-06-23,19800,25300,5500,0.2778,up,2026-06-20T06:00:06+09:00,2026-06-22T02:00:05+09:00
competitor,hammond,HAMMOND / ハモンド,booking,2026-06-24,11103,15400,4297,0.387,up,2026-06-21T04:00:05+09:00,2026-06-23T00:00:01+09:00
competitor,yoshidaya,吉田屋 / 吉田や,booking,2026-06-24,18700,17000,-1700,-0.0909,down,2026-06-22T00:00:04+09:00,2026-06-23T02:00:06+09:00
competitor,hammond,HAMMOND / ハモンド,booking,2026-06-26,10342,15400,5058,0.4891,up,2026-06-16T14:00:06+09:00,2026-06-23T02:00:06+09:00
competitor,hammond,HAMMOND / ハモンド,booking,2026-06-27,16879,24200,7321,0.4337,up,2026-06-16T14:00:06+09:00,2026-06-21T08:00:06+09:00
competitor,oakhill,OAKHILL / オークヒル,booking,2026-06-27,28600,35200,6600,0.2308,up,2026-06-23T08:00:06+09:00,2026-06-26T02:00:05+09:00
competitor,hammond,HAMMOND / ハモンド,booking,2026-06-28,10487,14245,3758,0.3583,up,2026-06-23T04:00:06+09:00,2026-06-24T04:00:01+09:00
competitor,oakhill,OAKHILL / オークヒル,booking,2026-06-28,24200,22000,-2200,-0.0909,down,2026-06-25T08:00:06+09:00,2026-06-27T02:00:05+09:00
competitor,yoshidaya,吉田屋 / 吉田や,booking,2026-06-28,18700,26400,7700,0.4118,up,2026-06-26T10:00:06+09:00,2026-06-27T10:00:05+09:00
competitor,hammond,HAMMOND / ハモンド,booking,2026-06-29,21864,12814,-9050,-0.4139,down,2026-06-21T10:00:06+09:00,2026-06-22T10:00:05+09:00
competitor,oakhill,OAKHILL / オークヒル,booking,2026-06-29,24200,25300,1100,0.0455,up,2026-06-23T14:00:05+09:00,2026-06-28T02:00:05+09:00
competitor,yoshidaya,吉田屋 / 吉田や,booking,2026-06-29,18700,26400,7700,0.4118,up,2026-06-27T12:00:06+09:00,2026-06-28T12:00:05+09:00
competitor,oakhill,OAKHILL / オークヒル,booking,2026-06-30,24200,25300,1100,0.0455,up,2026-06-25T04:00:01+09:00,2026-06-29T00:00:06+09:00
competitor,yoshidaya,吉田屋 / 吉田や,booking,2026-06-30,18700,26400,7700,0.4118,up,2026-06-28T14:00:06+09:00,2026-06-29T14:00:05+09:00
competitor,hammond,HAMMOND / ハモンド,booking,2026-07-01,15400,14245,-1155,-0.075,down,2026-06-23T06:00:05+09:00,2026-06-26T08:00:06+09:00
competitor,oakhill,OAKHILL / オークヒル,booking,2026-07-01,19800,25300,5500,0.2778,up,2026-06-28T08:00:06+09:00,2026-06-30T02:00:06+09:00
competitor,yoshidaya,吉田屋 / 吉田や,booking,2026-07-01,18700,26400,7700,0.4118,up,2026-06-29T16:00:05+09:00,2026-06-30T16:00:02+09:00
competitor,hammond,HAMMOND / ハモンド,booking,2026-07-02,15400,14245,-1155,-0.075,down,2026-06-20T22:00:06+09:00,2026-06-27T06:00:06+09:00
competitor,yoshidaya,吉田屋 / 吉田や,booking,2026-07-02,18700,26400,7700,0.4118,up,2026-06-30T18:00:06+09:00,2026-07-01T18:00:06+09:00
competitor,hammond,HAMMOND / ハモンド,booking,2026-07-03,15400,11199,-4201,-0.2728,down,2026-06-23T08:00:06+09:00,2026-07-01T02:00:02+09:00
competitor,oakhill,OAKHILL / オークヒル,booking,2026-07-03,24200,22000,-2200,-0.0909,down,2026-06-26T14:00:05+09:00,2026-07-02T00:00:06+09:00
competitor,yoshidaya,吉田屋 / 吉田や,booking,2026-07-03,18700,26400,7700,0.4118,up,2026-07-01T20:00:06+09:00,2026-07-02T20:00:05+09:00
competitor,hammond,HAMMOND / ハモンド,booking,2026-07-04,16202,24200,7998,0.4936,up,2026-06-15T12:00:05+09:00,2026-06-26T12:00:00+09:00
competitor,oakhill,OAKHILL / オークヒル,booking,2026-07-04,22550,24200,1650,0.0732,up,2026-07-01T06:00:06+09:00,2026-07-03T02:00:06+09:00
competitor,oakhill,OAKHILL / オークヒル,booking,2026-07-05,19800,25300,5500,0.2778,up,2026-07-01T10:00:06+09:00,2026-07-04T00:00:05+09:00
competitor,hammond,HAMMOND / ハモンド,booking,2026-07-06,15400,14245,-1155,-0.075,down,2026-06-22T22:00:06+09:00,2026-07-05T00:00:01+09:00
competitor,oakhill,OAKHILL / オークヒル,booking,2026-07-07,14245,19727,5482,0.3848,up,2026-07-03T08:00:05+09:00,2026-07-05T04:00:06+09:00
competitor,yoshidaya,吉田屋 / 吉田や,booking,2026-07-07,18700,20592,1892,0.1012,up,2026-07-05T10:00:06+09:00,2026-07-06T10:00:06+09:00
competitor,oakhill,OAKHILL / オークヒル,booking,2026-07-08,19727,14245,-5482,-0.2779,down,2026-06-29T22:00:06+09:00,2026-07-05T06:00:05+09:00
competitor,yoshidaya,吉田屋 / 吉田や,booking,2026-07-08,34000,17000,-17000,-0.5,down,2026-07-05T00:00:01+09:00,2026-07-06T00:00:05+09:00
competitor,oakhill,OAKHILL / オークヒル,booking,2026-07-09,17023,20027,3004,0.1765,up,2026-07-07T22:00:06+09:00,2026-07-08T22:00:06+09:00
competitor,yoshidaya,吉田屋 / 吉田や,booking,2026-07-09,18700,11154,-7546,-0.4035,down,2026-07-07T06:00:01+09:00,2026-07-08T06:00:06+09:00
competitor,hammond,HAMMOND / ハモンド,booking,2026-07-10,11019,12964,1945,0.1765,up,2026-07-08T13:35:06+09:00,2026-07-09T13:35:06+09:00
competitor,oakhill,OAKHILL / オークヒル,booking,2026-07-10,19573,23027,3454,0.1765,up,2026-07-08T04:00:06+09:00,2026-07-09T04:00:06+09:00
competitor,yoshidaya,吉田屋 / 吉田や,booking,2026-07-10,18700,20592,1892,0.1012,up,2026-07-08T12:00:06+09:00,2026-07-09T12:00:06+09:00
competitor,hammond,HAMMOND / ハモンド,booking,2026-07-11,14359,24086,9727,0.6774,up,2026-06-28T22:00:05+09:00,2026-07-01T14:00:05+09:00
competitor,hammond,HAMMOND / ハモンド,booking,2026-07-12,12964,14014,1050,0.081,up,2026-07-10T13:35:06+09:00,2026-07-11T13:35:06+09:00
competitor,oakhill,OAKHILL / オークヒル,booking,2026-07-12,23027,18027,-5000,-0.2171,down,2026-07-10T14:00:06+09:00,2026-07-11T14:00:06+09:00
competitor,yoshidaya,吉田屋 / 吉田や,booking,2026-07-12,18700,20592,1892,0.1012,up,2026-07-10T10:00:01+09:00,2026-07-11T10:00:06+09:00
competitor,hammond,HAMMOND / ハモンド,booking,2026-07-13,12964,11373,-1591,-0.1227,down,2026-07-11T13:35:06+09:00,2026-07-12T13:35:00+09:00
competitor,oakhill,OAKHILL / オークヒル,booking,2026-07-13,23027,19800,-3227,-0.1401,down,2026-07-11T14:00:06+09:00,2026-07-12T14:00:01+09:00
competitor,hammond,HAMMOND / ハモンド,booking,2026-07-14,11074,11070,-4,-0.0004,down,2026-07-12T00:00:06+09:00,2026-07-13T00:00:02+09:00
competitor,oakhill,OAKHILL / オークヒル,booking,2026-07-14,16841,18738,1897,0.1126,up,2026-07-12T10:00:06+09:00,2026-07-13T01:04:54+09:00
competitor,yoshidaya,吉田屋 / 吉田や,booking,2026-07-14,18700,11154,-7546,-0.4035,down,2026-07-12T14:00:01+09:00,2026-07-13T01:04:54+09:00
competitor,hammond,HAMMOND / ハモンド,booking,2026-07-15,11373,11132,-241,-0.0212,down,2026-07-13T00:00:02+09:00,2026-07-14T13:35:06+09:00
competitor,oakhill,OAKHILL / オークヒル,booking,2026-07-15,16827,25300,8473,0.5035,up,2026-07-13T01:04:54+09:00,2026-07-14T06:00:06+09:00
competitor,yoshidaya,吉田屋 / 吉田や,booking,2026-07-15,18700,20592,1892,0.1012,up,2026-07-13T01:04:54+09:00,2026-07-14T13:35:06+09:00
competitor,hammond,HAMMOND / ハモンド,booking,2026-07-16,11182,11190,8,0.0007,up,2026-07-14T08:00:06+09:00,2026-07-15T13:35:05+09:00
competitor,oakhill,OAKHILL / オークヒル,booking,2026-07-16,16990,22000,5010,0.2949,up,2026-07-14T13:35:06+09:00,2026-07-15T13:35:05+09:00
competitor,yoshidaya,吉田屋 / 吉田や,booking,2026-07-16,18700,20592,1892,0.1012,up,2026-07-14T12:00:06+09:00,2026-07-15T13:35:05+09:00
competitor,hammond,HAMMOND / ハモンド,booking,2026-07-17,11137,12964,1827,0.164,up,2026-07-15T10:00:05+09:00,2026-07-16T13:35:06+09:00
competitor,oakhill,OAKHILL / オークヒル,booking,2026-07-17,25300,23027,-2273,-0.0898,down,2026-07-15T00:00:05+09:00,2026-07-16T02:00:01+09:00
competitor,yoshidaya,吉田屋 / 吉田や,booking,2026-07-17,18700,20592,1892,0.1012,up,2026-07-15T13:35:05+09:00,2026-07-16T13:35:06+09:00
competitor,hammond,HAMMOND / ハモンド,booking,2026-07-18,48014,37014,-11000,-0.2291,down,2026-07-16T12:00:06+09:00,2026-07-17T13:35:06+09:00
competitor,oakhill,OAKHILL / オークヒル,booking,2026-07-18,40700,52027,11327,0.2783,up,2026-07-15T13:35:05+09:00,2026-07-16T13:35:06+09:00
competitor,yoshidaya,吉田屋 / 吉田や,booking,2026-07-18,27456,30888,3432,0.125,up,2026-07-11T18:00:05+09:00,2026-07-12T18:00:06+09:00
competitor,oakhill,OAKHILL / オークヒル,booking,2026-07-19,23027,38027,15000,0.6514,up,2026-07-17T13:35:06+09:00,2026-07-18T13:35:06+09:00
competitor,hammond,HAMMOND / ハモンド,booking,2026-07-20,14245,12964,-1281,-0.0899,down,2026-07-18T12:00:01+09:00,2026-07-19T13:35:06+09:00
competitor,oakhill,OAKHILL / オークヒル,booking,2026-07-20,36727,14245,-22482,-0.6121,down,2026-07-04T18:00:06+09:00,2026-07-05T20:00:06+09:00
competitor,yoshidaya,吉田屋 / 吉田や,booking,2026-07-20,18700,20592,1892,0.1012,up,2026-07-18T13:35:06+09:00,2026-07-19T13:35:06+09:00
competitor,hammond,HAMMOND / ハモンド,booking,2026-07-21,12964,14245,1281,0.0988,up,2026-07-19T13:35:06+09:00,2026-07-20T13:35:06+09:00
competitor,oakhill,OAKHILL / オークヒル,booking,2026-07-21,32727,14245,-18482,-0.5647,down,2026-07-04T22:00:06+09:00,2026-07-06T00:00:05+09:00
competitor,yoshidaya,吉田屋 / 吉田や,booking,2026-07-21,18700,20592,1892,0.1012,up,2026-07-19T13:35:06+09:00,2026-07-20T13:35:06+09:00
competitor,hammond,HAMMOND / ハモンド,booking,2026-07-22,14245,13110,-1135,-0.0797,down,2026-07-20T13:35:06+09:00,2026-07-21T13:35:05+09:00
competitor,yoshidaya,吉田屋 / 吉田や,booking,2026-07-22,18700,20592,1892,0.1012,up,2026-07-20T13:35:06+09:00,2026-07-21T13:35:05+09:00
competitor,hammond,HAMMOND / ハモンド,booking,2026-07-23,12859,11667,-1192,-0.0927,down,2026-07-21T13:35:05+09:00,2026-07-22T13:35:06+09:00
competitor,oakhill,OAKHILL / オークヒル,booking,2026-07-23,25727,14245,-11482,-0.4463,down,2026-07-04T00:00:05+09:00,2026-07-05T08:00:03+09:00
competitor,yoshidaya,吉田屋 / 吉田や,booking,2026-07-23,18700,20592,1892,0.1012,up,2026-07-21T13:35:05+09:00,2026-07-22T13:35:06+09:00
competitor,yoshidaya,吉田屋 / 吉田や,booking,2026-07-24,16830,20592,3762,0.2235,up,2026-07-22T13:35:06+09:00,2026-07-23T13:35:06+09:00
competitor,hammond,HAMMOND / ハモンド,booking,2026-07-25,19812,21780,1968,0.0993,up,2026-07-23T13:35:06+09:00,2026-07-24T13:35:02+09:00
competitor,oakhill,OAKHILL / オークヒル,booking,2026-07-25,23027,17820,-5207,-0.2261,down,2026-07-23T13:35:06+09:00,2026-07-24T13:35:02+09:00
competitor,yoshidaya,吉田屋 / 吉田や,booking,2026-07-25,21622,25740,4118,0.1905,up,2026-07-23T13:35:06+09:00,2026-07-24T13:35:02+09:00
competitor,hammond,HAMMOND / ハモンド,booking,2026-07-26,12821,14097,1276,0.0995,up,2026-07-24T13:35:02+09:00,2026-07-25T13:35:05+09:00
competitor,oakhill,OAKHILL / オークヒル,booking,2026-07-26,17820,16225,-1595,-0.0895,down,2026-07-24T13:35:02+09:00,2026-07-25T13:35:05+09:00
competitor,yoshidaya,吉田屋 / 吉田や,booking,2026-07-26,16830,20592,3762,0.2235,up,2026-07-24T13:35:02+09:00,2026-07-25T13:35:05+09:00
competitor,hammond,HAMMOND / ハモンド,booking,2026-07-27,14097,15494,1397,0.0991,up,2026-07-25T13:35:05+09:00,2026-07-26T13:35:06+09:00
competitor,oakhill,OAKHILL / オークヒル,booking,2026-07-27,23027,23858,831,0.0361,up,2026-07-25T13:35:05+09:00,2026-07-26T13:35:06+09:00
competitor,yoshidaya,吉田屋 / 吉田や,booking,2026-07-27,16830,20592,3762,0.2235,up,2026-07-25T13:35:05+09:00,2026-07-26T13:35:06+09:00
competitor,hammond,HAMMOND / ハモンド,booking,2026-07-29,15494,17215,1721,0.1111,up,2026-07-27T13:35:05+09:00,2026-07-28T13:35:05+09:00
competitor,oakhill,OAKHILL / オークヒル,booking,2026-07-29,17820,19800,1980,0.1111,up,2026-07-27T13:35:05+09:00,2026-07-28T13:35:05+09:00
competitor,yoshidaya,吉田屋 / 吉田や,booking,2026-07-29,16830,20592,3762,0.2235,up,2026-07-27T10:00:02+09:00,2026-07-28T13:35:05+09:00
competitor,hammond,HAMMOND / ハモンド,booking,2026-07-30,17215,15494,-1721,-0.1,down,2026-07-28T13:35:05+09:00,2026-07-29T13:35:06+09:00
competitor,oakhill,OAKHILL / オークヒル,booking,2026-07-30,22000,19616,-2384,-0.1084,down,2026-07-28T13:35:05+09:00,2026-07-29T13:35:06+09:00
competitor,yoshidaya,吉田屋 / 吉田や,booking,2026-07-30,18700,16830,-1870,-0.1,down,2026-07-28T04:00:05+09:00,2026-07-29T04:00:06+09:00
competitor,oakhill,OAKHILL / オークヒル,booking,2026-08-01,17820,24200,6380,0.358,up,2026-07-30T13:35:06+09:00,2026-07-31T13:35:06+09:00
competitor,oakhill,OAKHILL / オークヒル,booking,2026-08-02,20373,22277,1904,0.0935,up,2026-07-31T13:35:06+09:00,2026-08-01T13:35:06+09:00
competitor,yoshidaya,吉田屋 / 吉田や,booking,2026-08-02,18533,18810,277,0.0149,up,2026-07-31T13:35:06+09:00,2026-08-01T13:35:06+09:00
competitor,yoshidaya,吉田屋 / 吉田や,booking,2026-08-04,16830,20592,3762,0.2235,up,2026-08-02T13:35:06+09:00,2026-08-03T13:35:05+09:00
competitor,oakhill,OAKHILL / オークヒル,booking,2026-08-05,22627,22083,-544,-0.024,down,2026-08-03T13:35:05+09:00,2026-08-04T13:35:06+09:00
competitor,yoshidaya,吉田屋 / 吉田や,booking,2026-08-05,16830,20592,3762,0.2235,up,2026-08-03T13:35:05+09:00,2026-08-04T13:35:06+09:00
competitor,hammond,HAMMOND / ハモンド,booking,2026-08-06,21780,21645,-135,-0.0062,down,2026-08-04T13:35:06+09:00,2026-08-05T13:35:06+09:00
competitor,yoshidaya,吉田屋 / 吉田や,booking,2026-08-06,16830,20592,3762,0.2235,up,2026-08-04T13:35:06+09:00,2026-08-05T13:35:06+09:00
competitor,hammond,HAMMOND / ハモンド,booking,2026-08-07,19885,20246,361,0.0182,up,2026-08-05T13:35:06+09:00,2026-08-06T13:35:06+09:00
competitor,oakhill,OAKHILL / オークヒル,booking,2026-08-07,24505,32449,7944,0.3242,up,2026-08-05T08:00:06+09:00,2026-08-06T08:00:06+09:00
competitor,yoshidaya,吉田屋 / 吉田や,booking,2026-08-07,18533,22308,3775,0.2037,up,2026-08-05T13:35:06+09:00,2026-08-06T13:35:06+09:00
competitor,hammond,HAMMOND / ハモンド,booking,2026-08-08,28215,19812,-8403,-0.2978,down,2026-08-06T13:35:06+09:00,2026-08-07T13:35:07+09:00
competitor,oakhill,OAKHILL / オークヒル,booking,2026-08-08,39105,18475,-20630,-0.5276,down,2026-08-06T13:35:06+09:00,2026-08-07T13:35:07+09:00
competitor,hammond,HAMMOND / ハモンド,booking,2026-08-09,25662,28514,2852,0.1111,up,2026-08-07T13:35:07+09:00,2026-08-08T13:35:05+09:00
competitor,oakhill,OAKHILL / オークヒル,booking,2026-08-09,35575,20295,-15280,-0.4295,down,2026-08-07T04:00:05+09:00,2026-08-08T04:00:05+09:00
competitor,yoshidaya,吉田屋 / 吉田や,booking,2026-08-09,24710,29172,4462,0.1806,up,2026-08-07T13:35:07+09:00,2026-08-08T13:35:05+09:00
competitor,hammond,HAMMOND / ハモンド,booking,2026-08-10,28664,28364,-300,-0.0105,down,2026-08-08T13:35:05+09:00,2026-08-09T13:35:06+09:00
competitor,oakhill,OAKHILL / オークヒル,booking,2026-08-10,35575,18475,-17100,-0.4807,down,2026-08-08T00:00:01+09:00,2026-08-09T02:00:06+09:00
competitor,yoshidaya,吉田屋 / 吉田や,booking,2026-08-10,27456,24710,-2746,-0.1,down,2026-08-08T13:35:05+09:00,2026-08-09T13:35:06+09:00
competitor,hammond,HAMMOND / ハモンド,booking,2026-08-11,28215,20847,-7368,-0.2611,down,2026-08-09T13:35:06+09:00,2026-08-10T13:35:05+09:00
competitor,oakhill,OAKHILL / オークヒル,booking,2026-08-11,45540,18475,-27065,-0.5943,down,2026-08-09T13:35:06+09:00,2026-08-10T13:35:05+09:00
competitor,oakhill,OAKHILL / オークヒル,booking,2026-08-12,53027,18475,-34552,-0.6516,down,2026-08-10T13:35:05+09:00,2026-08-11T13:35:05+09:00
competitor,oakhill,OAKHILL / オークヒル,booking,2026-08-13,26027,24527,-1500,-0.0576,down,2026-08-11T13:35:05+09:00,2026-08-12T13:35:06+09:00
competitor,oakhill,OAKHILL / オークヒル,booking,2026-08-14,26027,18475,-7552,-0.2902,down,2026-08-12T13:35:06+09:00,2026-08-13T13:35:06+09:00
competitor,oakhill,OAKHILL / オークヒル,booking,2026-08-15,26027,18475,-7552,-0.2902,down,2026-08-13T13:35:06+09:00,2026-08-14T13:35:06+09:00
competitor,yoshidaya,吉田屋 / 吉田や,booking,2026-08-15,21622,25740,4118,0.1905,up,2026-08-13T13:35:06+09:00,2026-08-14T13:35:06+09:00
competitor,oakhill,OAKHILL / オークヒル,booking,2026-08-16,26027,24527,-1500,-0.0576,down,2026-08-14T13:35:06+09:00,2026-08-15T13:35:06+09:00
competitor,yoshidaya,吉田屋 / 吉田や,booking,2026-08-16,16830,20592,3762,0.2235,up,2026-08-14T13:35:06+09:00,2026-08-15T13:35:06+09:00
competitor,hammond,HAMMOND / ハモンド,booking,2026-08-17,20847,22919,2072,0.0994,up,2026-08-15T13:35:06+09:00,2026-08-16T13:35:05+09:00
competitor,oakhill,OAKHILL / オークヒル,booking,2026-08-17,26027,26950,923,0.0355,up,2026-08-15T13:35:06+09:00,2026-08-16T13:35:05+09:00
competitor,yoshidaya,吉田屋 / 吉田や,booking,2026-08-17,16830,20592,3762,0.2235,up,2026-08-15T13:35:06+09:00,2026-08-16T13:35:05+09:00
competitor,oakhill,OAKHILL / オークヒル,booking,2026-08-18,28600,24460,-4140,-0.1448,down,2026-08-16T13:35:05+09:00,2026-08-17T13:35:07+09:00
competitor,yoshidaya,吉田屋 / 吉田や,booking,2026-08-18,16830,20592,3762,0.2235,up,2026-08-16T13:35:05+09:00,2026-08-17T13:35:07+09:00
competitor,yoshidaya,吉田屋 / 吉田や,booking,2026-08-19,16830,20592,3762,0.2235,up,2026-08-17T06:00:06+09:00,2026-08-18T13:35:06+09:00
competitor,yoshidaya,吉田屋 / 吉田や,booking,2026-08-21,18810,22308,3498,0.186,up,2026-08-19T13:35:01+09:00,2026-08-20T13:35:00+09:00
competitor,hammond,HAMMOND / ハモンド,booking,2026-08-22,19184,27720,8536,0.445,up,2026-08-19T13:35:01+09:00,2026-08-20T13:35:00+09:00
competitor,oakhill,OAKHILL / オークヒル,booking,2026-08-22,32670,20295,-12375,-0.3788,down,2026-08-19T13:35:01+09:00,2026-08-20T13:35:00+09:00
competitor,hammond,HAMMOND / ハモンド,booking,2026-08-23,18464,21780,3316,0.1796,up,2026-08-18T10:00:07+09:00,2026-08-20T13:35:00+09:00
competitor,oakhill,OAKHILL / オークヒル,booking,2026-08-23,19273,19602,329,0.0171,up,2026-08-17T12:00:05+09:00,2026-08-20T13:35:00+09:00
competitor,hammond,HAMMOND / ハモンド,booking,2026-08-24,17131,18688,1557,0.0909,up,2026-08-17T18:00:09+09:00,2026-08-21T04:00:01+09:00
competitor,hammond,HAMMOND / ハモンド,booking,2026-08-25,20206,18464,-1742,-0.0862,down,2026-08-17T18:00:09+09:00,2026-08-20T12:00:00+09:00
competitor,oakhill,OAKHILL / オークヒル,booking,2026-08-25,17753,16663,-1090,-0.0614,down,2026-08-17T14:00:07+09:00,2026-08-20T14:00:00+09:00
competitor,hammond,HAMMOND / ハモンド,booking,2026-08-26,21780,18464,-3316,-0.1522,down,2026-08-17T20:00:06+09:00,2026-08-20T20:00:00+09:00
competitor,oakhill,OAKHILL / オークヒル,booking,2026-08-26,24200,22000,-2200,-0.0909,down,2026-08-17T16:00:05+09:00,2026-08-20T16:00:00+09:00
competitor,hammond,HAMMOND / ハモンド,booking,2026-08-27,21780,18464,-3316,-0.1522,down,2026-08-17T20:00:06+09:00,2026-08-21T02:00:01+09:00
competitor,oakhill,OAKHILL / オークヒル,booking,2026-08-27,24200,17820,-6380,-0.2636,down,2026-08-17T16:00:05+09:00,2026-08-20T18:00:00+09:00
competitor,oakhill,OAKHILL / オークヒル,booking,2026-08-28,22462,24200,1738,0.0774,up,2026-08-17T18:00:09+09:00,2026-08-21T04:00:01+09:00
competitor,oakhill,OAKHILL / オークヒル,booking,2026-08-29,37762,32670,-5092,-0.1348,down,2026-08-17T18:00:09+09:00,2026-08-20T20:00:00+09:00
competitor,yoshidaya,吉田屋 / 吉田や,booking,2026-08-29,18533,20592,2059,0.1111,up,2026-08-16T00:00:02+09:00,2026-08-19T04:00:01+09:00
competitor,hammond,HAMMOND / ハモンド,booking,2026-08-30,16335,12942,-3393,-0.2077,down,2026-08-16T10:00:06+09:00,2026-08-19T08:00:01+09:00
competitor,oakhill,OAKHILL / オークヒル,booking,2026-08-30,16225,16833,608,0.0375,up,2026-08-15T06:00:02+09:00,2026-08-18T08:00:03+09:00
competitor,hammond,HAMMOND / ハモンド,booking,2026-08-31,14862,16335,1473,0.0991,up,2026-08-15T12:00:07+09:00,2026-08-18T08:00:03+09:00
competitor,oakhill,OAKHILL / オークヒル,booking,2026-08-31,16662,16663,1,0.0001,up,2026-08-17T20:00:06+09:00,2026-08-21T02:00:01+09:00
competitor,yoshidaya,吉田屋 / 吉田や,booking,2026-08-31,18876,16830,-2046,-0.1084,down,2026-08-16T02:00:06+09:00,2026-08-18T18:00:10+09:00
competitor,hammond,HAMMOND / ハモンド,booking,2026-09-01,12612,13860,1248,0.099,up,2026-08-15T10:00:06+09:00,2026-08-18T10:00:07+09:00
competitor,oakhill,OAKHILL / オークヒル,booking,2026-09-01,17415,16660,-755,-0.0434,down,2026-08-16T15:39:12+09:00,2026-08-19T08:00:01+09:00
competitor,yoshidaya,吉田屋 / 吉田や,booking,2026-09-01,18700,16830,-1870,-0.1,down,2026-08-16T06:00:06+09:00,2026-08-19T06:00:01+09:00
competitor,oakhill,OAKHILL / オークヒル,booking,2026-09-02,17820,16994,-826,-0.0464,down,2026-08-16T10:00:06+09:00,2026-08-19T04:00:01+09:00
competitor,yoshidaya,吉田屋 / 吉田や,booking,2026-09-02,18876,16830,-2046,-0.1084,down,2026-08-16T02:00:06+09:00,2026-08-19T06:00:01+09:00
competitor,hammond,HAMMOND / ハモンド,booking,2026-09-03,12612,13860,1248,0.099,up,2026-08-15T14:00:05+09:00,2026-08-18T12:00:06+09:00
competitor,oakhill,OAKHILL / オークヒル,booking,2026-09-03,16225,17820,1595,0.0983,up,2026-08-15T04:00:05+09:00,2026-08-17T20:00:06+09:00
competitor,yoshidaya,吉田屋 / 吉田や,booking,2026-09-03,18700,16830,-1870,-0.1,down,2026-08-16T06:00:06+09:00,2026-08-19T08:00:01+09:00
competitor,hammond,HAMMOND / ハモンド,booking,2026-09-04,12612,11472,-1140,-0.0904,down,2026-08-14T22:00:06+09:00,2026-08-16T02:00:06+09:00
competitor,oakhill,OAKHILL / オークヒル,booking,2026-09-04,16225,17820,1595,0.0983,up,2026-08-15T10:00:06+09:00,2026-08-18T08:00:03+09:00
competitor,hammond,HAMMOND / ハモンド,booking,2026-09-05,18230,21780,3550,0.1947,up,2026-08-16T04:00:06+09:00,2026-08-18T20:00:03+09:00
competitor,oakhill,OAKHILL / オークヒル,booking,2026-09-05,38027,20815,-17212,-0.4526,down,2026-08-15T10:00:06+09:00,2026-08-18T10:00:07+09:00
competitor,hammond,HAMMOND / ハモンド,booking,2026-09-06,11178,13860,2682,0.2399,up,2026-08-15T20:00:03+09:00,2026-08-18T12:00:06+09:00
competitor,oakhill,OAKHILL / オークヒル,booking,2026-09-06,28275,17000,-11275,-0.3988,down,2026-08-16T15:43:18+09:00,2026-08-19T10:00:00+09:00
competitor,yoshidaya,吉田屋 / 吉田や,booking,2026-09-06,18700,16830,-1870,-0.1,down,2026-08-15T08:00:07+09:00,2026-08-18T08:00:03+09:00
competitor,oakhill,OAKHILL / オークヒル,booking,2026-09-07,16225,17820,1595,0.0983,up,2026-08-15T12:00:07+09:00,2026-08-18T10:00:07+09:00
competitor,yoshidaya,吉田屋 / 吉田や,booking,2026-09-07,16830,18876,2046,0.1216,up,2026-08-16T10:00:06+09:00,2026-08-19T12:00:01+09:00
competitor,hammond,HAMMOND / ハモンド,booking,2026-09-08,11178,13860,2682,0.2399,up,2026-08-16T02:00:06+09:00,2026-08-18T18:00:10+09:00
competitor,oakhill,OAKHILL / オークヒル,booking,2026-09-08,34027,17793,-16234,-0.4771,down,2026-08-15T14:00:05+09:00,2026-08-18T12:00:06+09:00
competitor,hammond,HAMMOND / ハモンド,booking,2026-09-10,12612,13860,1248,0.099,up,2026-08-15T14:00:05+09:00,2026-08-18T16:00:06+09:00
competitor,oakhill,OAKHILL / オークヒル,booking,2026-09-10,28843,29009,166,0.0058,up,2026-08-15T20:00:03+09:00,2026-08-18T22:00:00+09:00
competitor,yoshidaya,吉田屋 / 吉田や,booking,2026-09-10,16830,18876,2046,0.1216,up,2026-08-16T04:00:06+09:00,2026-08-19T12:00:01+09:00
competitor,hammond,HAMMOND / ハモンド,booking,2026-09-11,15400,13860,-1540,-0.1,down,2026-08-16T06:00:06+09:00,2026-08-18T22:00:00+09:00
competitor,oakhill,OAKHILL / オークヒル,booking,2026-09-11,29005,29059,54,0.0019,up,2026-08-16T15:39:55+09:00,2026-08-19T10:00:00+09:00
competitor,yoshidaya,吉田屋 / 吉田や,booking,2026-09-11,18533,24024,5491,0.2963,up,2026-08-17T00:00:07+09:00,2026-08-20T18:00:00+09:00
competitor,hammond,HAMMOND / ハモンド,booking,2026-09-12,21780,27720,5940,0.2727,up,2026-08-17T04:00:07+09:00,2026-08-20T16:00:00+09:00
competitor,hammond,HAMMOND / ハモンド,booking,2026-09-13,13860,10981,-2879,-0.2077,down,2026-08-17T02:00:07+09:00,2026-08-19T20:00:02+09:00
competitor,oakhill,OAKHILL / オークヒル,booking,2026-09-13,37400,16653,-20747,-0.5547,down,2026-08-16T00:00:02+09:00,2026-08-19T02:00:06+09:00
competitor,yoshidaya,吉田屋 / 吉田や,booking,2026-09-13,16830,18876,2046,0.1216,up,2026-08-16T16:00:05+09:00,2026-08-20T08:00:01+09:00
competitor,oakhill,OAKHILL / オークヒル,booking,2026-09-15,16458,17820,1362,0.0828,up,2026-08-16T06:00:06+09:00,2026-08-18T22:00:00+09:00
competitor,yoshidaya,吉田屋 / 吉田や,booking,2026-09-15,15606,16830,1224,0.0784,up,2026-08-17T08:00:06+09:00,2026-08-20T20:00:00+09:00
competitor,yoshidaya,吉田屋 / 吉田や,booking,2026-09-16,16830,18700,1870,0.1111,up,2026-08-17T16:00:05+09:00,2026-08-21T04:00:01+09:00
competitor,hammond,HAMMOND / ハモンド,booking,2026-09-18,12821,13860,1039,0.081,up,2026-08-17T14:00:07+09:00,2026-08-21T02:00:01+09:00
competitor,oakhill,OAKHILL / オークヒル,booking,2026-09-18,37400,28888,-8512,-0.2276,down,2026-08-16T08:00:06+09:00,2026-08-19T04:00:01+09:00
competitor,yoshidaya,吉田屋 / 吉田や,booking,2026-09-21,27799,30888,3089,0.1111,up,2026-08-16T20:00:07+09:00,2026-08-20T08:00:01+09:00
competitor,oakhill,OAKHILL / オークヒル,booking,2026-09-23,28275,29088,813,0.0288,up,2026-08-16T20:00:07+09:00,2026-08-19T12:00:01+09:00
competitor,oakhill,OAKHILL / オークヒル,booking,2026-09-25,17820,17025,-795,-0.0446,down,2026-08-17T12:00:05+09:00,2026-08-21T00:00:01+09:00
competitor,oakhill,OAKHILL / オークヒル,booking,2026-09-26,32246,41800,9554,0.2963,up,2026-08-17T02:00:07+09:00,2026-08-19T18:00:00+09:00
competitor,oakhill,OAKHILL / オークヒル,booking,2026-09-27,37400,28852,-8548,-0.2286,down,2026-08-11T20:00:02+09:00,2026-08-17T22:00:06+09:00
competitor,hammond,HAMMOND / ハモンド,booking,2026-10-02,12821,11937,-884,-0.0689,down,2026-08-16T20:00:07+09:00,2026-08-20T08:00:01+09:00
competitor,oakhill,OAKHILL / オークヒル,booking,2026-10-02,34027,28852,-5175,-0.1521,down,2026-08-11T22:00:06+09:00,2026-08-17T22:00:06+09:00
competitor,oakhill,OAKHILL / オークヒル,booking,2026-10-03,41800,32506,-9294,-0.2223,down,2026-08-17T06:00:06+09:00,2026-08-19T22:00:01+09:00
competitor,hammond,HAMMOND / ハモンド,booking,2026-10-04,12821,11124,-1697,-0.1324,down,2026-08-16T20:00:07+09:00,2026-08-20T08:00:01+09:00
competitor,oakhill,OAKHILL / オークヒル,booking,2026-10-04,16225,17820,1595,0.0983,up,2026-08-12T02:00:06+09:00,2026-08-18T06:00:05+09:00
competitor,oakhill,OAKHILL / オークヒル,booking,2026-10-11,39105,50600,11495,0.294,up,2026-08-16T14:41:24+09:00,2026-08-19T20:00:02+09:00
competitor,oakhill,OAKHILL / オークヒル,booking,2026-10-12,37400,28325,-9075,-0.2426,down,2026-08-17T10:00:06+09:00,2026-08-21T02:00:01+09:00
